ph,EC,CaCO3,OC,N,P,K,label
5.6,0.33,6,0.16,125,37,200,bajra
7.5,0.82,7,0.15,132,35,169,bajra
5.6,0.212,3,0.19,145,38,122,bajra
6.9,0.469,9,0.14,124,38,134,bajra
7.3,0.649,6,0.18,125,35,162,bajra
7.2,0.266,2,0.19,241,37,168,bajra
5.3,0.251,6,0.21,231,31,197,bajra
5.7,0.397,12,0.15,200,31,170,bajra
7.5,0.283,8,0.16,150,34,129,bajra
5.7,0.33,6,0.16,170,33,134,bajra
8,0.82,7,0.15,129,39,231,bajra
5.8,0.212,3,0.19,134,34,211,bajra
6,0.469,9,0.14,231,34,222,bajra
5.2,0.649,6,0.18,211,35,159,bajra
7.4,0.266,2,0.19,222,35,178,bajra
5.2,0.251,6,0.21,159,38,198,bajra
7.4,0.397,12,0.15,178,34,122,bajra
6.6,0.283,8,0.16,198,34,129,bajra
6.5,0.33,6,0.16,189,34,164,bajra
7.6,0.81,7,0.15,188,37,177,bajra
8,0.21,3,0.19,199,33,188,bajra
7.8,0.469,9,0.14,211,34,134,bajra
5.6,0.648,6,0.18,200,36,231,bajra
5.1,0.266,2,0.19,169,38,211,bajra
8,0.255,6,0.21,122,36,222,bajra
7.4,0.397,12,0.15,134,33,159,bajra
7.6,0.283,8,0.16,162,36,178,bajra
5.4,0.52,6,0.16,168,39,198,bajra
6.9,0.82,7,0.15,197,34,189,bajra
5.4,0.21,3,0.19,125,31,188,bajra
6.8,0.469,9,0.14,132,32,199,bajra
7.4,0.649,6,0.18,145,32,211,bajra
6.5,0.261,2,0.19,124,36,132,bajra
7.1,0.251,6,0.21,125,32,145,bajra
6.7,0.397,12,0.15,241,35,124,bajra
6.4,0.283,8,0.16,231,34,125,bajra
7.8,0.33,6,0.16,200,38,241,bajra
6.6,0.82,7,0.15,150,33,231,bajra
5.6,0.212,3,0.19,170,36,200,bajra
7.6,0.469,9,0.14,129,38,150,bajra
6.9,0.649,6,0.18,134,37,170,bajra
7.6,0.266,2,0.19,231,35,129,bajra
5.4,0.251,6,0.21,211,39,134,bajra
5.3,0.397,12,0.15,222,36,231,bajra
7.3,0.283,8,0.16,159,38,132,bajra
5.8,0.33,6,0.16,178,38,145,bajra
5.7,0.82,7,0.15,198,38,124,bajra
5.9,0.212,3,0.19,189,38,125,bajra
6.7,0.469,9,0.14,188,36,241,bajra
5.1,0.649,6,0.18,199,32,231,bajra
6.7,0.266,2,0.19,211,35,200,bajra
6.7,0.251,6,0.21,200,36,150,bajra
6.6,0.397,12,0.15,169,37,170,bajra
5.3,0.283,8,0.16,122,39,129,bajra
5.1,0.33,6,0.16,134,36,134,bajra
6.3,0.82,7,0.15,162,35,231,bajra
5.3,0.212,3,0.19,168,38,132,bajra
7.7,0.469,9,0.14,197,33,145,bajra
6.5,0.649,6,0.18,125,31,124,bajra
7.4,0.266,2,0.19,132,31,125,bajra
7.2,0.251,6,0.21,145,34,241,bajra
6.8,0.397,12,0.15,124,34,231,bajra
7.7,0.283,8,0.16,125,34,200,bajra
7.5,0.33,6,0.16,241,33,150,bajra
7.8,0.82,7,0.15,231,31,170,bajra
7,0.212,3,0.19,200,37,129,bajra
6.1,0.469,9,0.14,150,39,134,bajra
6.4,0.649,6,0.18,170,37,231,bajra
7.1,0.266,2,0.19,129,34,200,bajra
5.2,0.251,6,0.21,134,31,150,bajra
5.4,0.397,12,0.15,231,33,170,bajra
5.2,0.283,8,0.16,211,33,129,bajra
6.5,0.33,6,0.16,222,38,134,bajra
5.1,0.82,7,0.15,159,37,231,bajra
7.9,0.212,3,0.19,178,34,132,bajra
5.5,0.469,9,0.14,198,39,145,bajra
5.9,0.649,6,0.18,189,31,124,bajra
5.2,0.266,2,0.19,188,38,125,bajra
7.9,0.251,6,0.21,199,36,241,bajra
7.8,0.397,12,0.15,211,39,231,bajra
5.9,0.283,8,0.16,200,35,200,bajra
5.4,0.33,6,0.16,169,37,150,bajra
6.4,0.82,7,0.15,122,32,200,bajra
7.6,0.212,3,0.19,134,39,150,bajra
5.1,0.469,9,0.14,162,31,170,bajra
6.8,0.649,6,0.18,168,33,129,bajra
5.9,0.266,2,0.19,197,31,134,bajra
5,0.251,6,0.21,170,31,231,bajra
6.4,0.397,12,0.15,129,36,132,bajra
7.8,0.283,8,0.16,134,31,145,bajra
7.8,0.33,6,0.16,231,32,124,bajra
7.3,0.82,7,0.15,211,35,125,bajra
5.2,0.212,3,0.19,222,38,241,bajra
5.6,0.469,9,0.14,159,35,231,bajra
6,0.649,6,0.18,178,34,200,bajra
7.9,0.266,2,0.19,198,31,150,bajra
7.9,0.251,6,0.21,122,34,165,bajra
7.4,0.397,12,0.15,129,34,178,bajra
6.1,0.283,8,0.16,164,32,195,bajra
6.9,0.21,5,0.17,177,34,199,bajra
6.1,0.7,7,0.16,188,33,249,bajra
6.3,0.82,9,0.15,53,49,73,cabbage
6,0.61,13,0.2,51,47,71,cabbage
6.1,0.51,6.3,0.12,53,49,68,cabbage
6.4,0.341,7,0.13,52,47,74,cabbage
6.8,0.5,9,0.19,48,51,69,cabbage
6.2,0.32,6.1,0.21,49,48,69,cabbage
6.4,0.8,2.32,0.41,50,51,70,cabbage
6.6,0.8,4.5,0.23,49,49,70,cabbage
6.1,0.7,6,0.31,53,53,69,cabbage
6.6,0.341,7,0.13,49,53,70,cabbage
6.3,0.5,9,0.19,53,49,73,cabbage
6.2,0.32,6.1,0.21,52,47,71,cabbage
6.9,0.8,2.32,0.41,49,48,71,cabbage
6.7,0.8,4.5,0.23,50,50,74,cabbage
6.1,0.7,6,0.31,50,50,70,cabbage
6.7,0.341,7,0.13,53,49,70,cabbage
6.1,0.5,9,0.19,53,51,70,cabbage
6.2,0.32,6.1,0.21,50,50,70,cabbage
6.9,0.8,2.32,0.41,50,50,72,cabbage
6.8,0.8,4.5,0.23,50,48,73,cabbage
6.7,0.7,6,0.31,47,48,74,cabbage
6.2,0.341,7,0.13,53,51,68,cabbage
6.3,0.5,9,0.19,49,47,73,cabbage
6.6,0.32,6.1,0.21,48,51,72,cabbage
6.9,0.8,2.32,0.41,53,51,74,cabbage
6.5,0.8,4.5,0.23,52,50,70,cabbage
6.2,0.7,6,0.31,50,48,70,cabbage
6.7,0.341,7,0.13,49,50,70,cabbage
6.8,0.5,9,0.19,47,47,73,cabbage
6.8,0.32,6.1,0.21,47,52,71,cabbage
6.4,0.8,2.32,0.41,47,50,70,cabbage
6.5,0.8,4.5,0.23,50,47,73,cabbage
6.7,0.7,6,0.31,49,52,72,cabbage
6.6,0.341,7,0.13,47,51,68,cabbage
6.4,0.5,9,0.19,51,50,67,cabbage
6.6,0.32,6.1,0.21,50,52,70,cabbage
6.1,0.8,2.32,0.41,49,50,68,cabbage
6.9,0.8,4.5,0.23,51,52,69,cabbage
6.3,0.7,6,0.31,48,48,67,cabbage
6.3,0.341,7,0.13,53,49,74,cabbage
6,0.5,9,0.19,52,51,69,cabbage
6.5,0.32,6.1,0.21,48,49,74,cabbage
6.3,0.8,2.32,0.41,49,53,73,cabbage
7,0.8,4.5,0.23,52,51,69,cabbage
6.9,0.7,6,0.31,52,48,69,cabbage
6.4,0.341,7,0.13,47,50,67,cabbage
6.8,0.5,9,0.19,47,53,74,cabbage
6.8,0.32,6.1,0.21,52,53,68,cabbage
6.4,0.8,2.32,0.41,49,53,67,cabbage
6.8,0.8,4.5,0.23,49,52,67,cabbage
6.5,0.7,6,0.31,52,52,70,cabbage
7,0.341,7,0.13,51,53,74,cabbage
6.5,0.5,9,0.19,47,47,69,cabbage
7,0.32,6.1,0.21,47,51,67,cabbage
6.2,0.8,2.32,0.41,48,50,68,cabbage
6.5,0.8,4.5,0.23,50,47,68,cabbage
6.9,0.7,6,0.31,47,50,73,cabbage
6,0.341,7,0.13,53,52,68,cabbage
6.1,0.5,9,0.19,48,50,67,cabbage
6.1,0.32,6.1,0.21,47,50,70,cabbage
7,0.8,2.32,0.41,51,52,70,cabbage
6.6,0.8,4.5,0.23,50,48,71,cabbage
6.2,0.7,6,0.31,53,48,70,cabbage
6.1,0.341,7,0.13,48,47,73,cabbage
6.5,0.5,9,0.19,51,51,74,cabbage
6,0.32,6.1,0.21,51,47,68,cabbage
6.4,0.8,2.32,0.41,53,48,73,cabbage
6.4,0.8,4.5,0.23,51,48,74,cabbage
6.2,0.7,6,0.31,52,49,73,cabbage
6.1,0.341,7,0.13,53,49,69,cabbage
6.9,0.5,9,0.19,52,49,70,cabbage
6.9,0.32,6.1,0.21,50,47,67,cabbage
6.9,0.8,2.32,0.41,47,48,69,cabbage
6.2,0.8,4.5,0.23,49,53,70,cabbage
6.3,0.7,6,0.31,50,50,69,cabbage
6.6,0.341,7,0.13,50,51,72,cabbage
6.4,0.5,9,0.19,51,48,71,cabbage
6.9,0.32,6.1,0.21,51,50,73,cabbage
6.4,0.8,2.32,0.41,49,48,72,cabbage
6.3,0.8,4.5,0.23,53,52,72,cabbage
6.6,0.7,6,0.31,51,51,68,cabbage
6.9,0.341,7,0.13,53,51,67,cabbage
6.8,0.5,9,0.19,49,51,72,cabbage
6.7,0.32,6.1,0.21,53,50,74,cabbage
7,0.8,2.32,0.41,53,48,69,cabbage
6.7,0.8,4.5,0.23,51,49,72,cabbage
7,0.7,6,0.31,47,50,74,cabbage
6.3,0.341,7,0.13,47,50,71,cabbage
6.7,0.5,9,0.19,53,52,73,cabbage
6,0.32,6.1,0.21,53,51,69,cabbage
6.4,0.8,2.32,0.41,53,51,72,cabbage
6.6,0.8,4.5,0.23,48,48,70,cabbage
6.9,0.7,6,0.31,48,49,67,cabbage
6.1,0.341,7,0.13,53,48,70,cabbage
6.1,0.5,9,0.19,51,49,71,cabbage
6.2,0.32,6.1,0.21,51,47,67,cabbage
6.1,0.8,2.32,0.41,53,50,69,cabbage
6.5,0.8,4.5,0.23,52,49,72,cabbage
6.6,0.7,6,0.31,51,52,73,cabbage
6.1,0.6,4.5,0.41,49,52,67,cabbage
6.3,0.8,7,0.13,47,53,70,cabbage
8.02,0.341,7,0.13,137,5.13,383.54,cauliflower
7.56,0.5,9,0.19,196,5.73,354.15,cauliflower
6.8,0.32,6.1,0.21,157,8.6,234,cauliflower
6.9,0.8,2.32,0.41,164,9.32,247,cauliflower
6.8,0.8,4.5,0.23,140,8.3,251,cauliflower
6.9,0.7,6,0.31,166,11.1,281,cauliflower
8.12,0.2,6,4.78,172.2,12.18,376.34,cotton
6.431689506,0.21,7,4.82,178.24,13.22,390.34,cotton
7.453106264,0.28,3,5,191.59,16.78,391.3,cotton
7.368258226,0.25,9,4.9,184.73,14.82,398.64,cotton
7.352401887,0.25,6,4.93,185.26,14.88,392.26,cotton
6.652143699,0.27,2,4.93,185.96,15.38,392.67,cotton
6.144631795,0.28,6,4.97,188.96,15.44,392.96,cotton
7.318802162,0.24,12,4.98,190.09,14.96,395.16,cotton
7.954629324,0.2,8,4.7,188.8,13,396.2,cotton
6.207652157,0.22,6,4.81,173.2,12.18,377.5,cotton
6.631005298,0.24,7,5.12,168.24,13.21,391.34,cotton
7.306918817,0.25,3,4.32,192.59,16.7,391.7,cotton
5.898293044,0.25,9,5.23,184.65,15.82,388.64,cotton
7.238566893,0.28,6,4.96,185.31,14.88,392.24,cotton
7.977651226,0.2,2,5.12,184.98,15.38,392.66,cotton
5.983075895,0.23,6,4.99,188.88,15.34,391.96,cotton
6.785723961,0.2,12,4.78,190.04,14.9,385.96,cotton
7.393441155,0.21,8,4.82,188.4,14.3,396.56,cotton
6.486068274,0.28,6,5,172.2,12.18,376.34,cotton
7.175934962,0.25,7,4.9,178.24,13.22,390.34,cotton
7.388265888,0.25,3,4.93,191.59,16.78,391.3,cotton
6.10539819,0.27,9,4.93,184.73,14.82,398.64,cotton
6.419536555,0.28,6,4.97,185.26,14.88,392.26,cotton
6.307585854,0.24,2,4.98,185.96,15.38,392.67,cotton
6.93221485,0.2,6,4.7,188.96,15.44,392.96,cotton
7.810865753,0.22,12,4.81,190.09,14.96,395.16,cotton
6.527541661,0.24,8,5.12,188.8,13,396.2,cotton
7.569454601,0.25,6,4.32,173.2,12.18,377.5,cotton
7.041065585,0.25,7,5.23,168.24,13.21,391.34,cotton
7.208795456,0.28,3,4.96,192.59,16.7,391.7,cotton
6.814341946,0.2,9,5.12,184.65,15.82,388.64,cotton
7.442217061,0.23,6,4.99,185.31,14.88,392.24,cotton
6.854558957,0.22,2,4.78,184.98,15.38,392.66,cotton
7.884550475,0.24,6,4.82,188.88,15.34,391.96,cotton
6.006085786,0.25,12,5,190.04,14.9,385.96,cotton
7.432043735,0.25,8,5.1,188.4,14.3,396.56,cotton
6.498052108,0.28,6,4.32,188.4,14.3,396.56,cotton
6.205263534,0.2,7,4.56,172.2,12.18,376.34,cotton
6.360812227,0.23,3,4.32,178.24,13.22,390.34,cotton
7.046607434,0.2,9,5.32,191.59,16.78,391.3,cotton
7.947011366,0.21,6,4.71,184.73,14.82,398.64,cotton
6.281913858,0.28,2,4.85,185.26,14.88,392.26,cotton
6.114525877,0.25,6,5.41,185.96,15.38,392.67,cotton
6.753978061,0.25,12,4.2,188.96,15.44,392.96,cotton
7.425041316,0.25,8,5.23,190.09,14.96,395.16,cotton
6.745104394,0.25,6,4.96,188.8,13,396.2,cotton
7.641116569,0.28,7,5.12,173.2,12.18,377.5,cotton
6.470135478,0.2,3,4.99,168.24,13.21,391.34,cotton
7.091992365,0.23,9,4.78,192.59,16.7,391.7,cotton
6.520403794,0.2,6,4.82,184.65,15.82,388.64,cotton
6.127939628,0.21,2,5,185.31,14.88,392.24,cotton
7.994679507,0.28,6,5.1,184.98,15.38,392.66,cotton
7.524707577,0.25,12,4.32,188.88,15.34,391.96,cotton
7.827877818,0.25,8,4.56,190.04,14.9,385.96,cotton
6.436691764,0.2,6,4.32,188.4,14.3,396.56,cotton
5.907930899,0.21,7,5.32,188.4,14.3,396.56,cotton
6.135025006,0.28,3,4.71,172.2,12.18,376.34,cotton
6.044556594,0.25,9,4.85,178.24,13.22,390.34,cotton
7.59781958,0.25,6,5.41,191.59,16.78,391.3,cotton
6.691268104,0.27,2,4.2,184.73,14.82,398.64,cotton
6.175492306,0.28,6,5.23,185.26,14.88,392.26,cotton
7.272316209,0.24,12,4.96,185.96,15.38,392.67,cotton
5.801047545,0.2,8,5.12,188.96,15.44,392.96,cotton
6.757457943,0.22,6,4.99,190.09,14.96,395.16,cotton
6.983395573,0.24,7,4.78,188.8,13,396.2,cotton
7.976889498,0.25,3,4.82,173.2,12.18,377.5,cotton
6.558902588,0.25,9,5,168.24,13.21,391.34,cotton
7.979090365,0.28,6,5.1,192.59,16.7,391.7,cotton
7.903528673,0.2,2,4.32,184.65,15.82,388.64,cotton
6.73210948,0.23,6,4.56,185.31,14.88,392.24,cotton
6.691690476,0.2,12,4.32,184.98,15.38,392.66,cotton
7.839849298,0.21,8,5.32,188.88,15.34,391.96,cotton
6.61448588,0.28,6,4.71,190.04,14.9,385.4,cotton
7.456971816,0.25,7,4.85,188.4,14.3,396.56,cotton
7.2942193,0.25,3,5.41,191.59,16.78,391.3,cotton
7.762647875,0.27,9,4.2,184.73,14.82,389.7,cotton
6.363406102,0.28,6,5.23,185.26,14.88,392.8,cotton
7.63737841,0.24,2,4.96,185.96,15.38,392.67,cotton
6.200671976,0.2,6,5.12,188.96,15.44,392.96,cotton
6.364729934,0.22,12,4.99,190.09,14.96,398.1,cotton
6.913678684,0.24,8,4.96,190.04,14.9,385.4,cotton
7.766259769,0.25,6,5.12,188.4,14.3,396.23,cotton
7.55606399,0.25,7,4.99,188.4,14.3,396.56,cotton
7.288377241,0.28,3,4.32,172.2,12.18,376.45,cotton
8.61,0.5,2.9,0.55,105,9.85,169.99,grapes
8.6,0.54,4.12,0.54,163,1.3,668.2,grapes
8.23,0.5,7.5,0.3,231.34,9.34,313.5,grapes
7.54,1.1,18,0.897,314.9,9.054,413.5,grapes
8.1,0.2,4.2,0.61,128.6,12.3,341.7,grapes
7.13,0.5,2.8,0.45,179.8,14.26,323.8,grapes
7.3,0.55,4.7,0.51,133.22,9.123,343.63,grapes
7.54,1.1,18,0.897,313.88,9.054,400,grapes
7.13,0.5,3.2,0.48,126.44,7.132,325.4,grapes
7.3,0.55,4.7,0.51,135.22,9.123,343.6,grapes
7.28,0.54,3.9,0.42,162.22,18.054,378.8,grapes
7.89,0.65,4.18,0.52,250.11,13.5,251.3,grapes
7.89,0.65,4.18,0.52,250.91,13.5,240.8,grapes
7.15,0.72,4.72,0.54,342.24,12.27,364.7,grapes
7.12,0.5,2.9,0.55,165.9,14.66,344.5,grapes
7.82,0.54,4.12,0.54,224,12.27,256.24,grapes
8.61,0.5,2.9,0.55,104.65,9.85,164.58,grapes
8.6,0.54,4.12,0.54,162.22,10.23,340.15,grapes
8.23,0.5,7.5,0.3,230.43,9.34,313.96,grapes
7.54,1.1,18,0.897,313.95,9.054,415.1,grapes
8.1,0.2,4.2,0.61,138.6,12.3,351.2,grapes
7.13,0.5,2.8,0.45,170.9,14.26,321.2,grapes
7.3,0.55,4.7,0.51,131.22,9.123,341.5,grapes
7.54,1.1,18,0.897,313.95,9.054,413.5,grapes
7.13,0.5,3.2,0.48,125.44,7.132,322.1,grapes
7.3,0.55,4.7,0.51,131.22,9.123,346.3,grapes
7.28,0.54,3.9,0.42,162.44,18.054,378.5,grapes
7.89,0.65,4.18,0.52,250.91,13.5,240.1,grapes
7.89,0.65,4.18,0.52,250.91,13.5,241.6,grapes
7.15,0.72,4.72,0.54,342.34,12.27,361.3,grapes
7.12,0.5,2.9,0.55,167.9,14.66,343.1,grapes
7.82,0.54,4.12,0.54,135.22,12.27,255.7,grapes
6.358186848,0.5,2.9,0.55,162.22,15.38,396.56,grapes
6.119495295,0.54,4.12,0.54,250.11,15.34,396.56,grapes
6.207600783,0.394,0.5,0.18,250.91,14.9,376.34,grapes
6.48754639,0.6,7,0.1,342.24,14.3,390.34,grapes
5.81717753,0.36,1,0.16,165.9,16.78,391.3,grapes
6.325480034,0.5,7.5,0.3,224,14.82,398.64,grapes
5.562790949,1.1,18,0.897,104.65,14.88,392.26,grapes
6.487369687,0.2,4.2,0.61,162.22,15.38,392.67,grapes
6.116982944,0.5,2.8,0.45,230.43,15.44,392.96,grapes
5.695792761,0.55,4.7,0.51,313.95,14.96,395.16,grapes
5.734317007,1.1,18,0.897,192.59,14.9,396.2,grapes
6.329499832,0.5,3.2,0.48,184.65,14.3,377.5,grapes
6.167013532,0.55,4.7,0.51,185.31,14.3,391.34,grapes
5.653776058,0.54,3.9,0.42,184.98,12.18,391.7,grapes
5.840256272,0.65,4.18,0.52,188.88,9.85,388.64,grapes
5.539980812,0.65,4.18,0.52,190.04,1.3,392.24,grapes
5.833302165,0.72,4.72,0.54,188.4,9.34,392.66,grapes
6.399433771,0.5,2.9,0.55,191.59,9.054,391.96,grapes
6.138958698,0.54,4.12,0.54,172.2,12.3,385.4,grapes
5.972850838,0.394,0.5,0.18,178.24,14.26,396.56,grapes
6.456079585,0.6,7,0.1,191.59,9.123,391.3,grapes
6.336426667,0.36,1,0.16,184.73,9.054,389.7,grapes
6.425419926,0.5,7.5,0.3,185.26,7.132,392.8,grapes
6.294395676,1.1,18,0.897,185.96,9.123,392.67,grapes
6.477768039,0.2,4.2,0.61,188.96,18.054,392.96,grapes
5.931538447,0.5,2.8,0.45,190.09,13.5,398.1,grapes
5.980598579,0.55,4.7,0.51,188.8,13.5,385.4,grapes
6.389783283,1.1,18,0.897,173.2,12.27,396.23,grapes
5.693287415,0.5,3.2,0.48,168.24,14.66,396.56,grapes
6.00299607,0.55,4.7,0.51,192.59,12.27,376.45,grapes
6.372959542,0.54,3.9,0.42,184.65,9.85,169.99,grapes
5.510924849,0.65,4.18,0.52,185.31,10.23,668.2,grapes
5.69945282,0.65,4.18,0.52,184.98,9.34,313.5,grapes
5.778594403,0.72,4.72,0.54,167.9,9.054,413.5,grapes
6.315586313,0.5,2.9,0.55,135.22,12.3,341.7,grapes
5.971813006,0.54,4.12,0.54,162.22,14.26,323.8,grapes
5.891195653,0.394,0.5,0.18,250.11,9.123,343.63,grapes
6.129812716,0.6,7,0.1,250.91,9.054,400,grapes
6.313085601,0.36,1,0.16,342.24,7.132,325.4,grapes
6.053662544,0.5,7.5,0.3,165.9,9.123,343.6,grapes
5.804799142,1.1,18,0.897,224,18.054,378.8,grapes
6.400719746,0.2,4.2,0.61,104.65,13.5,251.3,grapes
5.953966361,0.5,2.8,0.45,162.22,13.5,240.8,grapes
5.609255992,0.55,4.7,0.51,230.43,12.27,364.7,grapes
5.777271492,1.1,18,0.897,313.95,14.66,344.5,grapes
5.682395429,0.5,3.2,0.48,192.59,12.27,256.24,grapes
5.863996687,0.55,4.7,0.51,184.65,15.38,164.58,grapes
6.444373116,0.54,3.9,0.42,167.9,15.34,340.15,grapes
5.550832178,0.65,4.18,0.52,135.22,14.9,313.96,grapes
6.107741788,0.65,4.18,0.52,162.22,14.3,415.1,grapes
5.620745638,0.72,4.72,0.54,250.11,16.78,351.2,grapes
6.349875906,0.5,2.9,0.55,250.91,14.82,321.2,grapes
6.484323189,0.54,4.12,0.54,342.24,14.88,341.5,grapes
5.838748311,0.394,0.5,0.18,165.9,15.38,413.5,grapes
6.29099842,0.6,7,0.1,224,15.44,322.1,grapes
5.638328481,0.36,1,0.16,104.65,14.96,346.3,grapes
6.415555956,0.5,7.5,0.3,162.22,14.9,378.5,grapes
6.323722572,1.1,18,0.897,230.43,14.3,240.1,grapes
5.757009965,0.2,4.2,0.61,313.95,14.3,241.6,grapes
6.158689406,0.5,2.8,0.45,192.59,12.18,361.3,grapes
5.733539807,0.55,4.7,0.51,184.65,9.85,343.1,grapes
5.908724337,1.1,18,0.897,167.9,1.3,255.7,grapes
6.361141107,0.5,3.2,0.48,135.22,9.34,164.85,grapes
5.96537863,0.55,4.7,0.51,162.22,9.054,664.68,grapes
6.476757723,0.54,3.9,0.42,250.11,12.3,313.53,grapes
6.224542938,0.65,4.18,0.52,250.91,14.26,413.63,grapes
6.209928251,0.65,4.18,0.52,342.24,9.123,341.63,grapes
5.841138354,0.72,4.72,0.54,165.9,9.054,400,grapes
8.61,0.5,2.9,0.55,224,7.132,164.85,grapes
8.6,0.54,4.12,0.54,104.65,9.123,664.68,grapes
8.23,0.5,7.5,0.3,162.22,18.054,313.53,grapes
7.54,1.1,18,0.897,230.43,13.5,413.63,grapes
8.1,0.2,4.2,0.61,313.95,13.5,341.63,grapes
7.13,0.5,2.8,0.45,192.59,12.27,323.1,grapes
7.3,0.55,4.7,0.51,184.65,14.66,343.63,grapes
7.54,1.1,18,0.897,313.95,12.27,413.63,grapes
7.13,0.5,3.2,0.48,125.44,9.85,321.3,grapes
7.3,0.55,4.7,0.51,131.22,10.23,343.63,grapes
7.28,0.54,3.9,0.42,162.44,9.34,378.63,grapes
7.89,0.65,4.18,0.52,250.91,9.054,240.63,grapes
7.89,0.65,4.18,0.52,250.91,12.3,240.63,grapes
7.15,0.72,4.72,0.54,342.34,14.26,364.25,grapes
7.12,0.5,2.9,0.55,167.9,9.123,333.1,grapes
7.82,0.54,4.12,0.54,227,9.054,254.27,grapes
8.77,0.33,6,0.16,167,9.13,416.14,jowar
8.66,0.82,7,0.15,187,6.27,470.3,jowar
8.85,0.212,3,0.19,183,9.99,500.2,jowar
8.61,0.469,9,0.14,146,9.41,447.78,jowar
8.35,0.649,6,0.18,189,10.75,198.23,jowar
8.86,0.266,2,0.19,192,5.38,594.95,jowar
8.66,0.251,6,0.21,213,12.99,420.82,jowar
8.9,0.397,12,0.15,153,8.51,268.28,jowar
9.1,0.283,8,0.16,167,8.51,665.15,jowar
6,0.33,6,0.16,227,9.054,254.27,jowar
6.6,0.82,7,0.15,167,9.13,416.14,jowar
6.7,0.212,3,0.19,187,6.27,470.3,jowar
6.9,0.469,9,0.14,183,9.99,500.2,jowar
6.4,0.649,6,0.18,146,9.41,447.78,jowar
6.6,0.266,2,0.19,189,10.75,198.23,jowar
6.5,0.251,6,0.21,192,5.38,594.95,jowar
6.1,0.397,12,0.15,213,12.99,420.82,jowar
6.3,0.283,8,0.16,153,8.51,268.28,jowar
6.8,0.33,6,0.16,167,8.51,665.15,jowar
7,0.81,7,0.15,227,9.054,254.27,jowar
6.2,0.21,3,0.19,167,9.13,416.14,jowar
6.3,0.469,9,0.14,187,6.27,470.3,jowar
6.9,0.648,6,0.18,183,9.99,500.2,jowar
6.8,0.266,2,0.19,146,9.41,447.78,jowar
6.3,0.255,6,0.21,189,10.75,198.23,jowar
7,0.397,12,0.15,192,5.38,594.95,jowar
6.9,0.283,8,0.16,213,12.99,420.82,jowar
7,0.52,6,0.16,153,8.51,268.28,jowar
6.6,0.82,7,0.15,167,8.51,665.15,jowar
6.1,0.21,3,0.19,227,9.054,254.27,jowar
6.7,0.469,9,0.14,167,9.13,416.14,jowar
6.8,0.649,6,0.18,187,6.27,470.3,jowar
7,0.261,2,0.19,183,9.99,500.2,jowar
6.1,0.251,6,0.21,146,9.41,447.78,jowar
6.9,0.397,12,0.15,189,10.75,198.23,jowar
7,0.283,8,0.16,192,5.38,594.95,jowar
6.9,0.33,6,0.16,213,12.99,420.82,jowar
7,0.82,7,0.15,153,8.51,268.28,jowar
6.4,0.212,3,0.19,167,8.51,665.15,jowar
6.1,0.469,9,0.14,227,9.054,254.27,jowar
6.4,0.649,6,0.18,167,9.13,416.14,jowar
6.1,0.266,2,0.19,187,6.27,470.3,jowar
6.9,0.251,6,0.21,183,9.99,500.2,jowar
6.3,0.397,12,0.15,146,9.41,447.78,jowar
6.6,0.283,8,0.16,189,10.75,198.23,jowar
6.8,0.33,6,0.16,192,5.38,594.95,jowar
6.4,0.82,7,0.15,213,12.99,420.82,jowar
6.7,0.212,3,0.19,153,8.51,268.28,jowar
6.6,0.469,9,0.14,167,8.51,665.15,jowar
6.9,0.649,6,0.18,227,9.054,254.27,jowar
6.6,0.266,2,0.19,167,9.13,416.14,jowar
6.4,0.251,6,0.21,187,6.27,470.3,jowar
6.5,0.397,12,0.15,183,9.99,500.2,jowar
6.9,0.283,8,0.16,146,9.41,447.78,jowar
6.7,0.33,6,0.16,189,10.75,198.23,jowar
6.9,0.82,7,0.15,192,5.38,594.95,jowar
6.1,0.212,3,0.19,213,12.99,420.82,jowar
6.5,0.469,9,0.14,153,8.51,268.28,jowar
6.1,0.649,6,0.18,167,8.51,665.15,jowar
6.7,0.266,2,0.19,227,9.054,254.27,jowar
6.3,0.251,6,0.21,167,9.13,416.14,jowar
6.6,0.397,12,0.15,187,6.27,470.3,jowar
6.6,0.283,8,0.16,183,9.99,500.2,jowar
6.4,0.33,6,0.16,146,9.41,447.78,jowar
6.2,0.82,7,0.15,189,10.75,198.23,jowar
6.1,0.212,3,0.19,192,5.38,594.95,jowar
6.6,0.469,9,0.14,213,12.99,420.82,jowar
6.6,0.649,6,0.18,153,8.51,268.28,jowar
6.2,0.266,2,0.19,167,8.51,665.15,jowar
6.5,0.251,6,0.21,183,9.99,500.2,jowar
6.7,0.397,12,0.15,146,9.41,447.78,jowar
6.1,0.283,8,0.16,189,10.75,198.23,jowar
6.7,0.33,6,0.16,192,5.38,594.95,jowar
6.6,0.82,7,0.15,213,12.99,420.82,jowar
6.8,0.212,3,0.19,153,8.51,268.28,jowar
6.2,0.469,9,0.14,167,8.51,665.15,jowar
6.7,0.649,6,0.18,227,9.054,254.27,jowar
6.3,0.266,2,0.19,167,9.13,416.14,jowar
6.4,0.251,6,0.21,187,6.27,470.3,jowar
6.4,0.397,12,0.15,183,9.99,500.2,jowar
6.8,0.283,8,0.16,146,9.41,447.78,jowar
6.1,0.33,6,0.16,189,10.75,198.23,jowar
6.5,0.82,7,0.15,192,5.38,594.95,jowar
6.4,0.212,3,0.19,213,12.99,420.82,jowar
6.4,0.469,9,0.14,153,8.51,268.28,jowar
6.6,0.649,6,0.18,167,8.51,665.15,jowar
6.5,0.266,2,0.19,227,9.054,254.27,jowar
6.6,0.251,6,0.21,167,9.13,416.14,jowar
6.8,0.397,12,0.15,187,6.27,470.3,jowar
6.4,0.283,8,0.16,189,10.75,198.23,jowar
6.2,0.33,6,0.16,192,5.38,594.95,jowar
7,0.82,7,0.15,213,12.99,420.82,jowar
6.3,0.212,3,0.19,153,8.51,268.28,jowar
7,0.469,9,0.14,167,8.51,665.15,jowar
6.2,0.649,6,0.18,227,9.054,254.27,jowar
6,0.266,2,0.19,167,9.13,416.14,jowar
6,0.251,6,0.21,187,6.27,470.3,jowar
6.2,0.397,12,0.15,167,8.51,665.15,jowar
6.5,0.283,8,0.16,227,9.054,254.27,jowar
6.5,0.21,5,0.17,167,9.13,416.14,jowar
6.5,0.7,7,0.16,187,6.27,470.3,jowar
7,0.82,9,0.15,192,7.32,451.2,jowar
8.54,0.4,4,0.18,152.8,22.8,140.6,maize
8.63,0.281,0,0.2,150.6,20.4,138.5,maize
6.931756558,0.4,4,0.18,161.2,25.4,151.2,maize
6.657964753,0.281,0,0.2,158.8,22.6,148.9,maize
6.596060648,0.329,4,0.18,163.4,31.4,166.2,maize
5.970458434,0.27,2.8,0.434,159.8,30.2,168,maize
6.158830619,0.28,4.7,0.53,155.3,21.9,148.8,maize
6.047906679,0.28,18,0.58,158.9,20.7,145.6,maize
5.913664501,0.29,3.2,0.46,156.4,21.2,145,maize
5.855442401,0.28,4.7,0.45,159.5,24.2,143.7,maize
5.750254943,0.28,3.9,0.5,156.9,21.9,150.7,maize
5.852607099,0.27,4.18,0.42,152.4,22.8,143.5,maize
6.472523287,0.27,4.18,0.62,154.6,23.4,138.5,maize
6.967057762,0.28,4.72,0.53,160.2,25.4,151.2,maize
6.082973754,0.29,2.9,0.1,151.2,24.6,148.9,maize
5.919045532,0.007,4.12,0.0019,163.8,31.4,166.7,maize
6.204747653,0.25,7.5,0.039,159.8,30.3,168,maize
6.600827017,0.26,18,0.18,154.2,21.9,147.8,maize
6.021902237,0.28,4.2,0.2,158.9,20.9,145.6,maize
6.033550195,0.27,2.8,0.18,155.2,23.2,146,maize
6.28886807,0.28,4.7,0.2,159.5,24.2,143.7,maize
6.550563823,0.28,18,0.18,151.2,21.9,150.8,maize
5.573286437,0.29,3.2,0.434,152.8,22.8,140.6,maize
6.829199275,0.28,4.7,0.53,150.6,20.4,138.5,maize
5.716222912,0.28,3.9,0.58,161.2,25.4,151.2,maize
5.54990242,0.27,4.18,0.46,158.8,22.6,148.9,maize
6.586244581,0.27,4.18,0.45,163.4,31.4,166.2,maize
5.893093135,0.28,4.72,0.5,159.8,30.2,168,maize
5.918263801,0.29,2.9,0.42,155.3,21.9,148.8,maize
5.588650585,0.007,4.12,0.62,158.9,20.7,145.6,maize
6.576418207,0.25,2.8,0.53,156.4,21.2,145,maize
6.178056304,0.26,4.7,0.1,159.5,24.2,143.7,maize
6.641906353,0.28,18,0.0019,156.9,21.9,150.7,maize
6.489040367,0.27,3.2,0.039,152.4,22.8,143.5,maize
5.680361038,0.28,4.7,0.18,154.6,23.4,138.5,maize
6.625404348,0.28,3.9,0.2,160.2,25.4,151.2,maize
6.524478032,0.29,4.18,0.18,151.2,24.6,148.9,maize
5.696205468,0.28,4.18,0.2,163.8,31.4,166.7,maize
6.803931519,0.28,4.72,0.18,159.8,30.3,168,maize
6.252797548,0.27,2.9,0.434,154.2,21.9,147.8,maize
6.092725883,0.27,4.12,0.53,158.9,20.9,145.6,maize
6.234330356,0.28,7.5,0.58,155.2,23.2,146,maize
5.722579819,0.29,18,0.46,159.5,24.2,143.7,maize
6.430616465,0.007,4.2,0.45,151.2,21.9,150.8,maize
5.983952675,0.25,2.8,0.5,152.8,22.8,140.6,maize
6.80163854,0.26,4.7,0.42,150.6,20.4,138.5,maize
6.499936446,0.28,18,0.62,161.2,25.4,151.2,maize
6.265564338,0.27,3.2,0.53,158.8,22.6,148.9,maize
6.727303282,0.28,4.7,0.1,163.4,31.4,166.2,maize
6.325235159,0.28,3.9,0.0019,159.8,30.2,168,maize
6.807487794,0.29,4.18,0.039,155.3,21.9,148.8,maize
6.671085817,0.28,4.18,0.18,158.9,20.7,145.6,maize
6.648725327,0.28,4.72,0.2,156.4,21.2,145,maize
6.439071996,0.27,2.9,0.18,159.5,24.2,143.7,maize
6.474476516,0.27,4.12,0.2,156.9,21.9,150.7,maize
5.871647806,0.28,2.8,0.18,152.4,22.8,143.5,maize
5.730617109,0.29,4.7,0.434,154.6,23.4,138.5,maize
5.850439831,0.007,18,0.53,160.2,25.4,151.2,maize
5.791649933,0.25,3.2,0.58,151.2,24.6,148.9,maize
6.740000688,0.26,4.7,0.46,163.8,31.4,166.7,maize
6.272417541,0.28,3.9,0.45,159.8,30.3,168,maize
5.715208817,0.27,4.18,0.5,154.2,21.9,147.8,maize
5.773454729,0.28,4.18,0.42,158.9,20.9,145.6,maize
5.584171461,0.28,4.72,0.62,155.2,23.2,146,maize
5.787268394,0.29,2.9,0.53,159.5,24.2,143.7,maize
5.77597783,0.28,4.12,0.1,151.2,21.9,150.8,maize
6.864793607,0.28,7.5,0.0019,152.8,22.8,140.6,maize
6.192360003,0.27,18,0.039,150.6,20.4,138.5,maize
6.636803223,0.27,4.2,0.18,161.2,25.4,151.2,maize
5.826426917,0.28,2.8,0.2,158.8,22.6,148.9,maize
6.960358276,0.29,4.7,0.18,163.4,31.4,166.2,maize
6.11275104,0.007,18,0.2,159.8,30.2,168,maize
6.708446922,0.25,3.2,0.18,155.3,21.9,148.8,maize
5.561510732,0.26,4.7,0.434,158.9,20.7,145.6,maize
5.873242491,0.28,3.9,0.53,156.4,21.2,145,maize
6.995843776,0.27,4.18,0.58,159.5,24.2,143.7,maize
5.714799723,0.28,4.18,0.46,156.9,21.9,150.7,maize
6.78073637,0.28,4.72,0.45,152.4,22.8,143.5,maize
5.513697923,0.29,2.9,0.5,154.6,23.4,138.5,maize
5.798423908,0.28,4.12,0.42,160.2,25.4,151.2,maize
6.352471866,0.28,2.8,0.62,151.2,24.6,148.9,maize
6.822586546,0.27,4.7,0.53,163.8,31.4,166.7,maize
6.655426355,0.27,18,0.1,159.8,30.3,168,maize
6.121294041,0.28,3.2,0.0019,154.2,21.9,147.8,maize
5.790770203,0.29,4.7,0.039,158.9,20.9,145.6,maize
6.47444292,0.007,3.9,0.18,155.2,23.2,146,maize
6.455116637,0.25,4.18,0.2,159.5,24.2,143.7,maize
6.606984086,0.26,4.18,0.18,151.2,21.9,150.8,maize
6.330554389,0.28,4.72,0.2,159.8,30.2,168,maize
6.528631266,0.27,2.9,0.18,155.3,21.9,148.8,maize
5.721667141,0.28,4.12,0.434,158.9,20.7,145.6,maize
6.644205485,0.28,7.5,0.53,156.4,21.2,145,maize
6.376651091,0.29,18,0.58,159.5,24.2,143.7,maize
6.247040422,0.28,4.2,0.46,156.9,21.9,150.7,maize
6.656730008,0.28,2.8,0.45,152.4,22.8,143.5,maize
6.2048017,0.27,4.7,0.5,154.6,23.4,138.5,maize
6.158860284,0.27,18,0.42,160.2,25.4,151.2,maize
6.385684214,0.28,3.2,0.62,151.2,24.6,148.9,maize
6.417820493,0.29,4.7,0.53,155.3,21.9,148.8,maize
6.381201909,0.007,3.9,0.1,158.9,20.7,145.6,maize
6.877869005,0.25,4.18,0.0019,156.4,21.2,145,maize
8.63,0.74,4.18,0.13,137,1.79,621.504,onion
7.28,0.74,4.72,0.49,135.44,14.2,267.63,onion
7.78,0.62,2.9,0.26,162.42,14.054,389.63,onion
9.07,0.791,4.12,0.11,112,5.15,521.18,onion
8.5,0.486,6,0.12,125,4.03,163.33,onion
8.78,0.374,9,0.16,167,3.62,339.65,onion
8.32,0.996,1,0.15,154,9.31,602.78,onion
8.44,0.84,10,0.16,163.07,7.31,202.11,onion
8.86,0.303,4,0.18,182,6.37,258.03,onion
9.46,0.689,14,0.1,101,1.03,511.3,onion
8.69,0.844,7,0.12,139,10.3,205.3,onion
6.7,0.2,3,0.5,150,8,230,onion
6.9,0.3,4,0.3,250,5,250,onion
7,0.5,6,0.4,225,4,270,onion
7.2,0.6,7,0.2,215,10,290,onion
7.3,0.7,6,0.3,185,11,260,onion
7.4,0.8,5,0.2,195,8,300,onion
7.1,0.6,4,0.1,200,9,315,onion
6.4,0.5,3,0.1,210,9.5,340,onion
7.8,0.4,2,0.2,175,6.5,310,onion
7,0.1,1,0.3,209,6,305,onion
6.6,0.62,4.3,0.54,236,7.6,332,onion
8,0.449,6,0.13,137,1.79,621.504,onion
6.1,0.54,9,0.49,135.44,14.2,267.63,onion
6.5,0.62,1,0.26,162.42,14.054,389.63,onion
6.7,0.791,10,0.11,112,5.15,521.18,onion
6.6,0.486,4,0.12,125,4.03,163.33,onion
6.2,0.374,14,0.16,167,3.62,339.65,onion
7.1,0.996,7,0.15,154,9.31,602.78,onion
6.5,0.84,3,0.16,163.07,7.31,202.11,onion
6.7,0.303,4,0.18,182,6.37,258.03,onion
7,0.689,6,0.1,101,1.03,511.3,onion
6.2,0.844,7,0.12,139,10.3,205.3,onion
6.7,0.2,6,0.5,150,8,230,onion
5.922935513,0.12,0.5,0.44,2,24,38,pomegranate
5.937649578,0.37,7,0.85,6,18,37,pomegranate
6.804781106,0.14,1,0.38,8,26,36,pomegranate
6.424670614,0.42,7.5,0.98,37,18,39,pomegranate
6.738016221,0.14,18,0.73,0,27,38,pomegranate
6.497366677,0.38,4.2,0.52,31,25,38,pomegranate
6.327673765,0.14,2.8,0.83,21,21,38,pomegranate
6.36137446,0.16,4.7,0.79,6,30,40,pomegranate
6.923509371,0.34,18,1.12,25,27,41,pomegranate
6.630646083,0.17,3.2,0.69,15,11,38,pomegranate
5.832525853,0.41,4.7,0.95,14,5,36,pomegranate
6.738993954,0.18,3.9,0.62,16,10,41,pomegranate
5.782435567,0.45,4.18,1.09,36,7,37,pomegranate
6.537042717,0.15,4.18,0.66,4,20,41,pomegranate
6.145104401,0.49,4.72,1.39,29,22,40,pomegranate
6.890784045,0.49,2.9,0.28,16,15,42,pomegranate
7.175344328,0.3,4.12,0.93,18,27,41,pomegranate
5.938528744,0.58,0.5,0.43,11,18,42,pomegranate
5.709380472,0.43,7,0.79,5,15,38,pomegranate
6.184400085,0.42,1,0.44,18,23,44,pomegranate
6.553509673,0.14,7.5,0.85,9,8,40,pomegranate
5.885638185,0.38,18,0.38,40,27,45,pomegranate
6.143874691,0.14,4.2,0.98,22,23,44,pomegranate
6.101198974,0.16,2.8,0.73,9,16,39,pomegranate
6.594037135,0.34,4.7,0.52,12,29,40,pomegranate
6.859840821,0.17,18,0.83,0,17,42,pomegranate
6.56893406,0.41,3.2,0.79,2,21,44,pomegranate
6.769855664,0.18,4.7,1.12,28,6,40,pomegranate
7.130837931,0.45,3.9,0.69,8,23,44,pomegranate
5.740338002,0.15,4.18,0.95,29,16,36,pomegranate
5.843005428,0.49,4.18,0.62,17,18,43,pomegranate
6.648687274,0.49,4.72,1.09,34,21,42,pomegranate
6.902751061,0.3,2.9,0.66,21,23,42,pomegranate
6.608023872,0.58,4.12,1.39,25,17,40,pomegranate
6.828522375,0.43,0.5,0.28,8,25,36,pomegranate
6.910374919,0.42,7,0.93,26,18,42,pomegranate
6.306605528,0.14,1,0.43,4,19,42,pomegranate
7.009180374,0.38,7.5,0.79,36,24,41,pomegranate
6.297907579,0.14,18,0.44,5,24,40,pomegranate
6.728599215,0.16,4.2,0.85,19,17,39,pomegranate
6.965156738,0.34,2.8,0.38,39,30,38,pomegranate
5.578095745,0.17,4.7,0.98,5,29,44,pomegranate
7.199504273,0.41,18,0.73,4,24,43,pomegranate
5.841367187,0.18,3.2,0.52,38,21,35,pomegranate
6.710143266,0.45,4.7,0.83,37,11,36,pomegranate
5.972714857,0.15,3.9,0.79,9,25,41,pomegranate
5.561851831,0.49,4.18,1.12,29,22,43,pomegranate
6.107054808,0.49,4.18,0.69,5,21,38,pomegranate
6.988035315,0.3,4.72,0.95,22,26,38,pomegranate
7.13147457,0.58,2.9,0.62,4,18,37,pomegranate
7.086947687,0.43,4.12,1.09,21,6,41,pomegranate
6.749260456,0.42,0.5,0.66,29,21,45,pomegranate
7.16300467,0.14,7,1.39,23,5,44,pomegranate
7.013481515,0.38,1,0.28,13,7,43,pomegranate
5.648243649,0.14,7.5,0.93,5,13,37,pomegranate
6.610251186,0.16,18,0.43,27,24,41,pomegranate
7.054313823,0.34,4.2,0.79,7,23,35,pomegranate
6.026999326,0.17,2.8,0.44,12,20,39,pomegranate
5.779427402,0.41,4.7,0.85,4,19,43,pomegranate
6.535244251,0.18,18,0.38,3,9,45,pomegranate
5.684995235,0.45,3.2,0.98,1,27,36,pomegranate
6.12476108,0.15,4.7,0.73,23,30,44,pomegranate
6.999014379,0.49,3.9,0.52,24,21,42,pomegranate
6.277148771,0.49,4.18,0.83,13,30,37,pomegranate
6.322396027,0.3,4.18,0.79,40,11,44,pomegranate
5.956401828,0.58,4.72,1.12,21,9,40,pomegranate
6.591302797,0.43,2.9,0.69,3,27,44,pomegranate
7.104094929,0.42,4.12,0.95,40,29,42,pomegranate
6.407872061,0.14,0.5,0.62,14,25,40,pomegranate
6.658402594,0.38,7,1.09,38,14,37,pomegranate
6.276038961,0.14,1,0.66,34,9,36,pomegranate
6.825256236,0.16,7.5,1.39,32,14,37,pomegranate
6.368560522,0.34,18,0.28,18,21,35,pomegranate
7.005410734,0.17,4.2,0.93,8,23,38,pomegranate
6.897368477,0.41,2.8,0.43,15,6,41,pomegranate
6.152906502,0.18,4.7,0.79,0,5,36,pomegranate
5.744361602,0.45,18,0.44,22,9,44,pomegranate
7.051654924,0.15,3.2,0.85,14,8,43,pomegranate
6.034612928,0.49,4.7,0.38,31,11,45,pomegranate
6.924490731,0.49,3.9,0.98,39,17,45,pomegranate
6.887005997,0.3,4.18,0.73,10,5,42,pomegranate
6.8444019,0.58,4.18,0.52,8,28,38,pomegranate
5.786058032,0.43,4.72,0.83,32,13,42,pomegranate
5.627186257,0.42,2.9,0.79,18,9,40,pomegranate
5.700088663,0.14,4.12,1.12,20,27,41,pomegranate
5.567805185,0.38,0.5,0.69,39,25,36,pomegranate
6.077886012,0.14,7,0.95,20,7,45,pomegranate
6.397995609,0.16,1,0.62,11,10,45,pomegranate
5.767372539,0.34,7.5,1.09,40,18,43,pomegranate
7.079973241,0.17,18,0.66,3,26,39,pomegranate
5.893332378,0.41,4.2,1.39,9,16,36,pomegranate
7.058222596,0.18,2.8,0.28,30,20,38,pomegranate
5.78270695,0.45,4.7,0.93,40,9,41,pomegranate
6.269663963,0.15,18,0.43,40,30,35,pomegranate
5.892913826,0.49,3.2,0.79,32,25,35,pomegranate
7.116538883,0.49,4.7,1.39,33,23,45,pomegranate
6.430163481,0.3,3.9,0.28,4,14,41,pomegranate
7.159520979,0.58,4.18,0.3,13,17,45,pomegranate
6.431265737,0.43,4.18,0.93,39,24,39,pomegranate
6.082571701,0.44,4.72,1.09,8,28,37,pomegranate
8.13,0.23,2.9,3.1,129,13,225,potato
5.6,0.21,4.12,3.2,141,14,233,potato
8,0.22,7.5,3.1,142,15,235,potato
7.5,0.2,18,3.5,148,12,233,potato
7.75,0.22,4.2,3.6,137,12,234,potato
8.81,0.22,2.8,3,137,13,243,potato
5.7,0.21,4.7,3.2,140,14,235,potato
6.1,0.23,18,3.2,147,15,233,potato
6.32,0.23,3.2,3.1,143,12,234,potato
5.7,0.21,4.7,3.5,139,12,243,potato
5.9,0.21,3.9,3.3,140,14,215,potato
5.9,0.25,4.18,3.3,139,12,220,potato
8.14,0.21,2.9,3.5,129,13,237,potato
8.11,0.23,4.12,3.5,141,14,233,potato
5.96,0.23,7.5,3.3,142,15,235,potato
6.12,0.21,18,3.3,148,12,233,potato
7.1,0.25,4.2,3.5,137,15,234,potato
7.2,0.22,2.8,3.4,137,12,243,potato
7.5,0.21,4.7,3.2,140,12,215,potato
6.23,0.23,18,3.1,147,14,233,potato
8.1,0.23,3.2,3.5,143,12,234,potato
598,0.21,4.7,3.6,139,13,243,potato
5.9,0.25,3.9,3,140,14,215,potato
8.1,0.22,4.18,3.2,139,12,220,potato
8.13,0.23,2.9,3.1,129,13,225,potato
5.6,0.21,4.12,3.2,141,14,233,potato
8,0.22,7.5,3.1,142,15,235,potato
7.5,0.2,18,3.5,148,12,233,potato
7.75,0.22,4.2,3.6,137,12,234,potato
8.81,0.22,2.8,3,137,13,243,potato
5.7,0.21,4.7,3.2,140,14,235,potato
6.1,0.23,18,3.2,147,15,233,potato
6.32,0.23,3.2,3.1,143,12,234,potato
5.7,0.21,4.7,3.5,139,12,243,potato
5.9,0.21,3.9,3.3,140,14,215,potato
5.9,0.25,4.18,3.3,139,12,220,potato
8.14,0.21,2.9,3.5,129,13,237,potato
8.11,0.23,4.12,3.5,141,14,233,potato
5.96,0.23,7.5,3.3,142,15,235,potato
6.12,0.21,18,3.3,148,12,233,potato
7.1,0.25,4.2,3.5,137,15,234,potato
7.2,0.22,2.8,3.4,137,12,243,potato
7.5,0.21,4.7,3.2,140,12,215,potato
6.23,0.23,18,3.1,147,14,233,potato
8.1,0.23,3.2,3.5,143,12,234,potato
598,0.21,4.7,3.6,139,13,243,potato
5.9,0.25,3.9,3,140,14,215,potato
8.1,0.22,4.18,3.2,139,12,220,potato
8.13,0.23,2.9,3.1,129,13,225,potato
5.6,0.21,4.12,3.2,141,14,233,potato
8,0.22,7.5,3.1,142,15,235,potato
7.5,0.2,18,3.5,148,12,233,potato
7.75,0.22,4.2,3.6,137,12,234,potato
8.81,0.22,2.8,3,137,13,243,potato
5.7,0.21,4.7,3.2,140,14,235,potato
6.1,0.23,18,3.2,147,15,233,potato
6.32,0.23,3.2,3.1,143,12,234,potato
5.7,0.21,4.7,3.5,139,12,243,potato
5.9,0.21,3.9,3.3,140,14,215,potato
5.9,0.25,4.18,3.3,139,12,220,potato
8.14,0.21,2.9,3.5,129,13,237,potato
8.11,0.23,4.12,3.5,141,14,233,potato
5.96,0.23,7.5,3.3,142,15,235,potato
6.12,0.21,18,3.3,148,12,233,potato
7.1,0.25,4.2,3.5,137,15,234,potato
7.2,0.22,2.8,3.4,137,12,243,potato
7.5,0.21,4.7,3.2,140,12,215,potato
6.23,0.23,18,3.1,147,14,233,potato
8.1,0.23,3.2,3.5,143,12,234,potato
598,0.21,4.7,3.6,139,13,243,potato
5.9,0.25,3.9,3,140,14,215,potato
8.1,0.22,4.18,3.2,139,12,220,potato
8.13,0.23,2.9,3.1,129,13,225,potato
5.6,0.21,4.12,3.2,141,14,233,potato
8,0.22,7.5,3.1,142,15,235,potato
7.5,0.2,18,3.5,148,12,233,potato
7.75,0.22,4.2,3.6,137,12,234,potato
8.81,0.22,2.8,3,137,13,243,potato
5.7,0.21,4.7,3.2,140,14,235,potato
6.1,0.23,18,3.2,147,15,233,potato
6.32,0.23,3.2,3.1,143,12,234,potato
5.7,0.21,4.7,3.5,139,12,243,potato
5.9,0.21,3.9,3.3,140,14,215,potato
5.9,0.25,4.18,3.3,139,12,220,potato
8.14,0.21,2.9,3.5,129,13,237,potato
8.11,0.23,4.12,3.5,141,14,233,potato
5.96,0.23,7.5,3.3,142,15,235,potato
6.12,0.21,18,3.3,148,12,233,potato
7.1,0.25,4.2,3.5,137,15,234,potato
7.2,0.22,2.8,3.4,137,12,243,potato
7.5,0.21,4.7,3.2,140,12,215,potato
6.23,0.23,18,3.1,147,14,233,potato
8.1,0.23,3.2,3.5,143,12,234,potato
598,0.21,4.7,3.6,139,13,243,potato
5.9,0.25,3.9,3,140,14,215,potato
8.1,0.22,4.18,3.2,139,12,220,potato
7.1,0.25,4.2,3.5,137,15,234,potato
7.2,0.22,2.8,3.4,137,12,243,potato
7.5,0.21,4.7,3.2,140,12,215,potato
6.23,0.23,18,3.1,147,14,233,potato
7.5,0.21,4.7,3.2,144,12,225,potato
8.59,0.84,4,0.17,180,9.15,270.35,soybean
8.31,0.99,14,0.11,119,4.47,186.17,soybean
8.4,0.667,7,0.17,172,6.27,201.18,soybean
8.1,0.6,3,0.45,189.45,14.52,295.43,soybean
7.28,0.64,3,0.49,282.44,9.054,230.63,soybean
8.1,0.6,3.6,0.45,181.45,14.52,295.46,soybean
7.57,0.64,3.2,0.49,285.44,9.054,233.63,soybean
8.1,0.61,3.7,0.48,192.24,14.53,294.73,soybean
8.1,0.6,3.9,0.46,190.24,14.63,298.63,soybean
8.1,0.6,3.9,0.46,190.24,14.63,298.63,soybean
7.27,0.65,3.07,0.47,283.84,9.044,230.83,soybean
8.34,0.72,4.72,0.54,342.34,12.27,364.25,soybean
6.9,0.84,4,0.17,180,9.15,270.35,soybean
7,0.99,6,0.11,119,4.47,186.17,soybean
6.4,0.667,8,0.17,172,6.27,201.18,soybean
6.5,0.6,3.6,0.45,189.45,14.52,295.43,soybean
6.2,0.64,3,0.49,282.44,9.054,230.63,soybean
6.3,0.6,3.6,0.45,181.45,14.52,295.46,soybean
6.8,0.64,3.2,0.49,285.44,9.054,233.63,soybean
6.9,0.61,3.7,0.48,192.24,14.53,294.73,soybean
6.3,0.6,3.9,0.46,190.24,14.63,298.63,soybean
6.8,0.6,3.9,0.46,190.24,14.63,298.63,soybean
6.3,0.65,3.07,0.47,283.84,9.044,230.83,soybean
6.4,0.72,4.72,0.54,342.34,12.27,364.25,soybean
6.3,0.84,4,0.17,180,9.15,270.35,soybean
7,0.99,6,0.11,119,4.47,186.17,soybean
6.2,0.667,8,0.17,172,6.27,201.18,soybean
6.3,0.6,3.6,0.45,189.45,14.52,295.43,soybean
6.8,0.64,3,0.49,282.44,9.054,230.63,soybean
6.9,0.6,3.6,0.45,181.45,14.52,295.46,soybean
6.5,0.64,3.2,0.49,285.44,9.054,233.63,soybean
6.9,0.61,3.7,0.48,192.24,14.53,294.73,soybean
6.2,0.6,3.9,0.46,190.24,14.63,298.63,soybean
6.9,0.6,3.9,0.46,190.24,14.63,298.63,soybean
6.9,0.65,3.07,0.47,283.84,9.044,230.83,soybean
6.1,0.72,4.72,0.54,342.34,12.27,364.25,soybean
6.3,0.84,4,0.17,285.44,9.054,233.63,soybean
6.2,0.99,6,0.11,192.24,14.53,294.73,soybean
6.2,0.667,8,0.17,190.24,14.63,298.63,soybean
6.4,0.6,3.6,0.45,190.24,14.63,298.63,soybean
6.8,0.64,3,0.49,283.84,9.044,230.83,soybean
6.1,0.6,3.6,0.45,342.34,12.27,364.25,soybean
6.7,0.64,3.2,0.49,180,9.15,270.35,soybean
6.5,0.61,3.7,0.48,119,4.47,186.17,soybean
6.9,0.6,3.9,0.46,172,6.27,201.18,soybean
6.4,0.6,3.9,0.46,189.45,14.52,295.43,soybean
6.8,0.65,3.07,0.47,282.44,9.054,230.63,soybean
6.9,0.72,4.72,0.54,285.44,9.054,233.63,soybean
6.2,0.84,4,0.17,192.24,14.53,294.73,soybean
6.3,0.99,6,0.11,190.24,14.63,298.63,soybean
6.9,0.667,8,0.17,190.24,14.63,298.63,soybean
6.4,0.6,3.6,0.45,283.84,9.044,230.83,soybean
6.7,0.64,3,0.49,342.34,12.27,364.25,soybean
6,0.6,3.6,0.45,180,9.15,270.35,soybean
6.3,0.64,3.2,0.49,119,4.47,186.17,soybean
6.9,0.61,3.7,0.48,172,6.27,201.18,soybean
6.9,0.6,3.9,0.46,189.45,14.52,295.43,soybean
6.4,0.6,3.9,0.46,282.44,9.054,230.63,soybean
6.6,0.65,3.07,0.47,285.44,9.054,233.63,soybean
6.3,0.72,4.72,0.54,192.24,14.53,248.65,soybean
6.3,0.84,4,0.17,190.24,14.63,265,soybean
6.1,0.99,6,0.11,190.24,14.63,278,soybean
6.8,0.667,8,0.17,283.84,9.044,298.1,soybean
6.7,0.6,3.6,0.45,342.34,12.27,265,soybean
6.9,0.64,3,0.49,180,9.15,312.8,soybean
6.8,0.6,3.6,0.45,119,4.47,365.4,soybean
6.1,0.64,3.2,0.49,172,6.27,398.2,soybean
6.9,0.61,3.7,0.48,189.45,14.52,387.1,soybean
6.7,0.6,3.9,0.46,282.44,9.054,365.2,soybean
6.9,0.6,3.9,0.46,285.44,9.054,233.8,soybean
6.3,0.65,3.07,0.47,192.24,14.53,298.5,soybean
6.8,0.72,4.72,0.54,190.24,14.63,298.6,soybean
6.1,0.84,4,0.17,190.24,14.63,287.1,soybean
6.5,0.99,6,0.11,283.84,9.044,278.9,soybean
6.1,0.667,8,0.17,342.34,12.27,356.1,soybean
6.2,0.6,3.6,0.45,180,9.15,246.2,soybean
6.4,0.64,3,0.49,119,4.47,265.4,soybean
6.1,0.6,3.6,0.45,172,6.27,254.6,soybean
6.3,0.64,3.2,0.49,189.45,14.52,132.1,soybean
6.8,0.61,3.7,0.48,282.44,9.87,213.2,soybean
6.9,0.6,3.9,0.46,173,6.98,236.1,soybean
6.7,0.6,3.9,0.46,189.2,14.32,297.6,soybean
6.9,0.65,3.07,0.47,284.3,8.56,230.63,soybean
6.7,0.72,4.72,0.54,250,9.56,250.6,soybean
6.5,0.62,4.42,0.52,214.3,9.23,231.2,soybean
5.8,0.05,9,7.5,149,79,80,sugarcane
6.5,0.93,3.6,4.9,150,85,80,sugarcane
7.6,0.07,3.3,5.5,151,85,77,sugarcane
6.3,0.94,5.4,5.7,146,75,76,sugarcane
5.5,0.1,2.5,5.5,147,78,82,sugarcane
6.8,0.25,4.6,4.9,153,83,84,sugarcane
6.1,0.64,15,6.6,146,76,84,sugarcane
6.3,0.08,4.2,5.3,153,84,78,sugarcane
6.2,0.52,4.2,7.9,148,77,79,sugarcane
6.7,0.64,4.2,4.3,147,82,79,sugarcane
6.7,0.04,5.3,5.9,149,75,78,sugarcane
7.2,0.88,4.9,4.3,153,83,83,sugarcane
7.3,1.25,5.4,5.9,150,78,78,sugarcane
7,0.04,3,8.4,147,82,79,sugarcane
6.9,0.9,3,6.6,153,78,76,sugarcane
7.3,0.03,6.1,6.8,151,77,78,sugarcane
6.8,0.64,4.6,7.5,149,83,84,sugarcane
7.5,1.64,4.6,4.9,153,76,80,sugarcane
7.7,0.07,2.1,5.5,153,84,76,sugarcane
6.3,0.93,5.8,5.7,149,82,79,sugarcane
6.8,0.05,2.1,5.5,147,85,77,sugarcane
6.3,0.93,1.4,4.9,152,76,75,sugarcane
7.6,0.07,5.8,6.6,152,85,84,sugarcane
5.2,0.94,5.8,5.3,154,80,75,sugarcane
7.2,0.1,5.7,7.9,149,85,75,sugarcane
6,0.25,15,4.3,147,82,76,sugarcane
7,0.64,6.5,5.9,154,79,77,sugarcane
7.5,0.08,6.3,4.3,151,76,81,sugarcane
5.4,0.52,3.5,5.9,148,84,84,sugarcane
7.4,0.64,9,8.4,151,85,80,sugarcane
5.7,0.04,4.1,6.6,154,78,79,sugarcane
7.1,0.88,4.54,6.8,148,81,85,sugarcane
6.7,1.25,6.1,7.5,151,77,82,sugarcane
7.3,0.04,4.1,4.9,153,77,82,sugarcane
6.6,0.9,3,5.5,147,83,77,sugarcane
5.4,0.03,3,5.7,148,77,85,sugarcane
6.4,0.64,4.5,5.5,151,79,76,sugarcane
7.9,1.64,2.3,4.9,146,76,77,sugarcane
7,0.07,4.3,6.6,149,80,85,sugarcane
6.7,0.93,2.1,5.3,147,79,82,sugarcane
5.5,0.05,4.5,7.9,152,84,76,sugarcane
6.3,0.93,5.1,4.3,147,76,81,sugarcane
6.2,0.07,1.5,5.9,150,75,84,sugarcane
7.4,0.94,1.2,4.3,146,78,83,sugarcane
5.1,0.1,6.5,5.9,151,82,84,sugarcane
5.5,0.25,4.2,8.4,154,77,82,sugarcane
6.4,0.64,6.5,6.6,149,75,78,sugarcane
7.4,0.08,7.2,6.8,149,79,75,sugarcane
5.2,0.52,6.7,7.5,153,85,79,sugarcane
5.8,0.64,8.1,4.9,154,77,85,sugarcane
6.5,0.04,7.5,5.5,148,82,83,sugarcane
7.6,0.88,7.2,5.7,151,81,78,sugarcane
5.7,1.25,5.2,5.5,151,81,78,sugarcane
7,0.04,5.4,4.9,147,83,81,sugarcane
6.7,0.9,2.9,6.6,154,85,76,sugarcane
7.7,0.03,9,5.3,154,75,78,sugarcane
7,0.64,3.6,7.9,151,76,76,sugarcane
7.4,1.64,3.3,4.3,149,80,85,sugarcane
7,0.07,5.4,5.9,150,81,79,sugarcane
7.7,0.93,2.5,4.3,151,78,76,sugarcane
7.9,0.05,4.6,5.9,146,77,83,sugarcane
5.4,0.93,15,8.4,153,79,78,sugarcane
6.2,0.07,4.2,6.6,150,75,77,sugarcane
5.1,0.94,4.2,6.8,146,84,84,sugarcane
7.1,0.1,4.2,7.5,153,85,82,sugarcane
6.6,0.25,5.3,4.9,149,78,76,sugarcane
6.3,0.64,4.9,5.5,153,77,80,sugarcane
5.7,0.08,5.4,5.7,153,82,76,sugarcane
7.4,0.52,3,5.5,152,79,76,sugarcane
7.8,0.64,3,4.9,147,85,79,sugarcane
7.6,0.04,6.1,6.6,149,81,79,sugarcane
7.9,0.88,4.6,5.3,148,83,75,sugarcane
7,1.25,4.6,7.9,150,85,83,sugarcane
7.7,0.04,2.1,4.3,148,75,85,sugarcane
6.5,0.9,5.8,5.9,151,83,80,sugarcane
7.3,0.03,2.1,4.3,147,83,81,sugarcane
6.7,0.64,1.4,5.9,148,83,84,sugarcane
6.1,1.64,5.8,8.4,150,85,79,sugarcane
6.3,0.07,5.8,6.6,148,80,76,sugarcane
7.4,0.93,5.7,6.8,148,82,78,sugarcane
6.8,0.05,15,7.5,151,84,85,sugarcane
7.3,0.93,6.5,4.9,151,75,75,sugarcane
5.3,0.07,6.3,5.5,153,82,75,sugarcane
5.3,0.94,3.5,5.7,149,76,75,sugarcane
6.8,0.1,9,5.5,150,78,79,sugarcane
5.5,0.25,4.1,4.9,150,81,84,sugarcane
6.7,0.64,4.54,6.6,147,84,84,sugarcane
7.2,0.08,6.1,5.3,147,80,85,sugarcane
5.8,0.52,4.1,7.9,146,75,76,sugarcane
7.2,0.64,3,4.3,152,78,77,sugarcane
5.5,0.04,3,5.9,147,80,79,sugarcane
7.5,0.88,4.5,4.3,146,85,78,sugarcane
5.8,1.25,2.3,5.9,146,80,82,sugarcane
7,0.04,4.3,8.4,150,80,79,sugarcane
5.8,0.9,2.1,6.6,146,78,79,sugarcane
7.6,0.03,4.5,6.8,152,85,85,sugarcane
5.6,0.64,5.1,4.9,151,81,81,sugarcane
5.5,1.64,1.5,5.6,153,83,85,sugarcane
5.2,0.07,1.2,8.5,152,79,76,sugarcane
7.4,0.93,6.5,6.6,152,85,81,sugarcane
5,0.64,4.2,5.6,149,84,77,sugarcane
8.61,0.995,6.5,0.18,187,8.06,1170.35,tomato
7.9,0.48,7.2,0.48,125.44,16.054,230.63,tomato
7.81,0.35,6.7,0.42,282.44,9.054,230.63,tomato
7.83,0.4,8.1,0.45,184.52,14.2,324.23,tomato
7.36,0.64,7.5,0.51,282.45,9.044,230.63,tomato
7.87,0.6,7.2,0.64,173.34,10.4,284.53,tomato
7.91,0.6,5.2,0.53,260.34,10.014,343.53,tomato
8.4,0.2,5.4,0.63,135.52,11.23,386.63,tomato
7.8,0.5,2.9,0.63,132.5,10.12,344.52,tomato
7.8,0.3,4.2,0.63,135.52,11.23,386.63,tomato
7.64,0.6,5.3,0.46,125.44,13.2,325.45,tomato
8.2,0.73,4.9,0.53,175,14,250,tomato
8.21,0.6,5.4,0.45,184.52,14.2,324.23,tomato
8.23,0.56,3,0.57,231,12.54,310.58,tomato
8.23,0.56,3,0.57,231.36,12.54,310.57,tomato
7.34,0.54,6.1,0.49,179.44,14.054,363.63,tomato
7.87,0.6,4.6,0.64,182.34,9.84,284.53,tomato
7.95,0.6,4.6,0.64,178.34,10.4,274.53,tomato
7.8,0.7,2.1,0.48,181,14.3,269,tomato
8.2,0.6,5.8,0.3,178.9,14.26,303.1,tomato
7.8,0.7,2.1,0.48,181,12.3,312.7,tomato
8.2,0.64,1.4,0.3,190.8,12.4,290.3,tomato
7.83,0.52,5.8,0.48,182.34,18.2,328.22,tomato
7.93,0.5,5.8,0.46,186.54,14.3,325.32,tomato
7.95,0.56,5.7,0.44,182.54,14.4,335.34,tomato
7.91,0.6,15,0.53,260.34,10.014,343.53,tomato
7.93,0.6,6.5,0.3,250.24,10.014,341.53,tomato
7.34,0.54,6.3,0.49,171.44,14.054,363.63,tomato
7.16,0.65,3.5,0.52,282.35,9.054,236.63,tomato
7.41,0.64,9,0.47,254.34,12.107,297.68,tomato
7.24,0.48,4.1,0.49,179.44,14.054,363.63,tomato
7.54,0.9,4.54,0.54,180,12,254,tomato
6.8,0.3,6.1,0.21,152,8.5,236,tomato
7.2,0.6,4.1,0.12,170,9.1,312,tomato
8.26,0.3,3,0.26,222,8.3,262,tomato
8.12,0.2,3,0.2,221,8.2,260,tomato
6.9,0.62,4.5,0.41,235,7.7,321,tomato
7.1,0.8,2.3,0.23,165,9.3,246,tomato
8.3,0.2,4.3,0.14,170,7.7,240,tomato
8.26,0.3,2.1,0.12,170,8.1,232,tomato
8.43,0.3,4.5,0.26,162,8.4,301,tomato
8.6,0.4,5.1,0.54,181,11.2,335,tomato
8.28,0.2,1.5,0.5,120,10.2,240,tomato
8.56,0.2,1.2,0.73,150,8.3,340,tomato
8.35,0.3,6.5,0.7,160,7.4,348,tomato
8.25,0.2,4.2,0.82,220,12,250,tomato
8.42,0.2,6.5,0.92,190,7.5,533,tomato
8.6,0.2,7.2,0.26,200,8.1,282,tomato
8.32,0.3,6.7,0.58,240,8.5,320,tomato
7.9,0.2,8.1,0.38,210,9,210,tomato
8.43,0.3,7.5,0.42,120,9.5,350,tomato
8.02,0.5,7.2,0.58,190,7.1,350,tomato
7.3,0.41,5.2,0.5,186,11.2,334,tomato
7.1,0.62,5.4,0.22,188,7.9,260,tomato
7.3,0.51,2.9,0.48,172,10.8,303,tomato
6,0.33,6,0.8,78,37,40,wheat
6,0.82,7,0.2,80,40,41,wheat
6.4,0.212,3,1.1,81,38,41,wheat
6.1,0.469,9,1.8,84,36,42,wheat
6.7,0.649,6,2.2,79,39,37,wheat
6.6,0.266,2,2.5,76,42,42,wheat
6.6,0.251,6,2.9,84,42,41,wheat
6.3,0.397,12,3,81,39,42,wheat
6.1,0.283,8,3.3,76,41,40,wheat
6.7,0.33,6,3.6,79,43,41,wheat
6.3,0.82,7,4,82,38,41,wheat
6.2,0.212,3,4.3,81,43,44,wheat
6.6,0.469,9,4.7,84,39,41,wheat
6.1,0.649,6,1.4,82,39,37,wheat
6.2,0.266,2,1.9,79,42,42,wheat
6.9,0.251,6,2.3,78,43,43,wheat
6.6,0.397,12,2.8,80,42,41,wheat
6.1,0.283,8,3.1,83,43,44,wheat
7,0.33,6,3.5,81,36,37,wheat
6.1,0.81,7,3.9,76,42,44,wheat
6.2,0.21,3,4.2,80,39,39,wheat
6.5,0.469,9,4.6,76,39,36,wheat
6.1,0.648,6,1.7,77,40,39,wheat
6.3,0.266,2,2.11,83,39,43,wheat
6.7,0.255,6,0.8,83,37,41,wheat
6.5,0.397,12,0.2,76,36,39,wheat
6.7,0.283,8,1.1,77,37,42,wheat
6.8,0.52,6,1.8,76,37,41,wheat
6.5,0.82,7,2.2,83,36,37,wheat
6.7,0.21,3,2.5,82,36,38,wheat
6,0.469,9,2.9,79,42,43,wheat
6.4,0.649,6,3,77,38,41,wheat
6.5,0.261,2,3.3,83,38,38,wheat
6,0.251,6,3.6,83,39,41,wheat
6.2,0.397,12,4,78,36,40,wheat
6.1,0.283,8,4.3,79,36,40,wheat
6.1,0.33,6,4.7,78,41,44,wheat
6.4,0.82,7,1.4,80,36,39,wheat
6.8,0.212,3,1.9,82,43,38,wheat
6.2,0.469,9,2.3,78,39,41,wheat
6.4,0.649,6,2.8,78,38,41,wheat
6.8,0.266,2,3.1,82,36,41,wheat
6.3,0.251,6,3.5,81,36,42,wheat
6.5,0.397,12,3.9,78,41,37,wheat
6.3,0.283,8,4.2,84,36,39,wheat
6.6,0.33,6,4.6,84,43,40,wheat
6,0.82,7,1.7,77,42,40,wheat
6.2,0.212,3,2.11,81,40,44,wheat
6.8,0.469,9,0.8,78,40,41,wheat
6,0.649,6,0.2,83,39,38,wheat
7,0.266,2,1.1,78,40,44,wheat
6.9,0.251,6,1.8,82,44,38,wheat
6.3,0.397,12,2.2,80,38,44,wheat
6.1,0.283,8,2.5,83,43,41,wheat
6.1,0.33,6,2.9,76,37,39,wheat
6.8,0.82,7,3,79,38,40,wheat
6.6,0.212,3,3.3,82,43,41,wheat
6.2,0.469,9,3.6,80,43,40,wheat
6.3,0.649,6,4,84,38,40,wheat
6.6,0.266,2,4.3,83,39,41,wheat
6.6,0.251,6,4.7,78,40,40,wheat
6.8,0.397,12,1.4,77,37,43,wheat
6.9,0.283,8,1.9,78,43,40,wheat
6.1,0.33,6,2.3,77,40,37,wheat
6.7,0.82,7,2.8,83,38,40,wheat
6,0.212,3,3.1,76,37,36,wheat
6.9,0.469,9,3.5,78,43,39,wheat
6.3,0.649,6,3.9,81,40,41,wheat
6.1,0.266,2,4.2,80,38,43,wheat
6.3,0.251,6,4.6,80,44,37,wheat
6.3,0.397,12,1.7,83,40,38,wheat
6.9,0.283,8,2.11,79,39,41,wheat
6.5,0.33,6,0.8,84,43,43,wheat
6.5,0.82,7,0.2,80,39,40,wheat
6.5,0.212,3,1.1,81,40,42,wheat
6.9,0.469,9,1.8,84,40,42,wheat
6.1,0.649,6,2.2,78,44,40,wheat
7,0.266,2,2.5,76,39,38,wheat
6.2,0.251,6,2.9,80,40,36,wheat
6.2,0.397,12,3,82,42,43,wheat
6.1,0.283,8,3.3,79,41,39,wheat
6.5,0.33,6,3.6,80,39,43,wheat
6.9,0.82,7,4,84,36,39,wheat
7,0.212,3,4.3,76,39,43,wheat
6.4,0.469,9,4.7,83,37,39,wheat
6.1,0.649,6,1.4,80,37,44,wheat
6.4,0.266,2,1.9,79,42,36,wheat
6.1,0.251,6,2.3,77,39,39,wheat
6.3,0.397,12,2.8,79,38,40,wheat
6.7,0.283,8,3.1,80,43,42,wheat
7,0.33,6,3.5,79,40,36,wheat
7,0.82,7,3.9,80,41,40,wheat
6.8,0.212,3,4.2,78,41,39,wheat
6,0.469,9,4.6,76,44,43,wheat
6.9,0.649,6,1.7,83,44,41,wheat
6.6,0.266,2,2.11,78,40,37,wheat
6.2,0.251,6,0.8,82,38,36,wheat
6,0.397,12,0.2,80,39,44,wheat
6.5,0.283,8,1.1,77,40,43,wheat
6.6,0.21,5,1.8,81,38,36,wheat
6.5,0.7,7,2.2,82,44,38,wheat
5.953933276,0.82,9,2.5,77,38,36,rice
5.85393208,0.4,2.8,2.3,88,35,40,rice
6.442475375,0.593,4.7,4.7,89,45,36,rice
5.070175667,0.716,18,1.4,76,40,43,rice
6.012632591,0.557,3.2,1.9,67,59,41,rice
6.254028451,0.622,4.7,2.3,83,41,43,rice
7.375482851,0.659,3.9,2.8,98,47,37,rice
7.778915154,0.731,4.18,3.1,66,53,41,rice
6.286500176,0.772,4.18,3.5,97,59,43,rice
7.070959995,0.284,4.72,3.9,97,50,41,rice
6.244841491,0.256,2.9,4.2,60,49,44,rice
6.043304899,0.112,4.12,4.6,84,51,35,rice
5.824709117,0.22,7.5,1.7,73,57,41,rice
6.357389366,0.324,18,2.11,92,35,40,rice
6.364134968,0.367,4.2,0.8,85,37,39,rice
5.01450727,0.374,2.8,4.7,98,53,38,rice
6.149410611,0.344,4.7,1.4,88,54,44,rice
5.950660556,0.33,18,1.9,95,55,42,rice
5.960370061,0.12,3.2,2.3,99,57,35,rice
5.561398642,0.71,4.7,2.8,95,39,36,rice
7.416245107,0.4,3.9,3.1,60,43,44,rice
5.583370042,0.593,4.18,3.5,63,44,41,rice
6.430010215,0.716,4.18,3.9,62,42,36,rice
5.534878156,0.557,4.72,4.2,64,45,43,rice
6.903985986,0.622,2.9,4.6,83,60,36,rice
6.271478838,0.659,4.12,1.7,82,40,40,rice
7.224285503,0.731,2.8,2.11,85,52,45,rice
6.13428721,0.772,4.7,0.8,91,35,38,rice
5.206373153,0.284,18,2.3,76,49,42,rice
7.782051313,0.256,3.2,2.8,74,39,38,rice
7.062779015,0.112,4.7,3.1,79,43,39,rice
7.730367824,0.22,3.9,3.5,88,55,45,rice
5.286203711,0.324,4.18,3.9,60,36,43,rice
6.766240045,0.367,4.18,4.2,76,60,39,rice
7.382762603,0.374,4.72,4.6,93,56,42,rice
5.658169482,0.344,2.9,1.7,65,60,43,rice
5.543360238,0.33,4.12,2.11,95,52,36,rice
6.215109715,0.12,7.5,0.8,75,38,39,rice
7.120272972,0.71,18,0.2,74,54,38,rice
5.950647577,0.4,4.2,1.1,91,36,45,rice
7.236705436,0.593,2.8,1.8,71,46,40,rice
6.501697816,0.716,4.7,2.2,99,55,35,rice
7.592490617,0.557,18,2.5,72,40,38,rice
5.875345751,0.622,3.2,2.3,83,58,45,rice
6.932400225,0.659,4.7,4.7,93,58,38,rice
6.946209881,0.731,3.9,1.4,70,36,42,rice
5.739175027,0.772,4.18,1.9,76,47,42,rice
6.738652179,0.284,4.18,2.3,99,41,36,rice
5.594819626,0.256,4.72,2.8,99,54,37,rice
6.946636369,0.112,2.9,3.1,86,59,35,rice
5.012139669,0.22,4.12,3.5,69,46,41,rice